Kaggle_ID,Demand_Category
0,Low
1,Low
2,Low
3,Low
4,Low
5,Low
6,Low
7,Low
8,Low
9,Low
10,Low
11,Low
12,Low
13,Low
14,Low
15,Low
16,Low
17,Low
18,Low
19,Low
20,Low
21,Low
22,Low
23,Low
24,Low
25,Low
26,Low
27,Low
28,Low
29,Low
30,Low
31,Low
32,Low
33,Low
34,Low
35,Low
36,Low
37,Low
38,Low
39,Low
40,Low
41,Low
42,Low
43,Low
44,Low
45,Low
46,Low
47,Low
48,Low
49,Low
50,Low
51,Low
52,Low
53,Low
54,Low
55,Low
56,Low
57,Low
58,Low
59,Low
60,Low
61,Low
62,Low
63,Low
64,Low
65,Low
66,Low
67,Low
68,Low
69,Low
70,Low
71,Low
72,Low
73,Low
74,Low
75,Low
76,Low
77,Low
78,Low
79,Low
80,Low
81,Low
82,Low
83,Low
84,Low
85,Low
86,Low
87,Low
88,Low
89,Low
90,Low
91,Low
92,Low
93,Low
94,Low
95,Low
96,Low
97,Low
98,Low
99,Low
100,Low
101,Low
102,Low
103,Low
104,Low
105,Low
106,Low
107,Low
108,Low
109,Low
110,Low
111,Low
112,Low
113,Low
114,Low
115,Low
116,Low
117,Low
118,Low
119,Low
120,Low
121,Low
122,Low
123,Low
124,Low
125,Low
126,Low
127,Low
128,Low
129,Low
130,Low
131,Low
132,Low
133,Low
134,Low
135,Low
136,Low
137,Low
138,Low
139,Low
140,Low
141,Low
142,Low
143,Low
144,Low
145,Low
146,Low
147,Low
148,Low
149,Low
150,Low
151,Low
152,Low
153,Low
154,Low
155,Low
156,Low
157,Low
158,Low
159,Low
160,Low
161,Low
162,Low
163,Low
164,Low
165,Low
166,Low
167,Low
168,Low
169,Low
170,Low
171,Low
172,Low
173,Low
174,Low
175,Low
176,Low
177,Low
178,Low
179,Low
180,Low
181,Low
182,Low
183,Low
184,Low
185,Low
186,Low
187,Low
188,Low
189,Low
190,Low
191,Low
192,Low
193,Low
194,Low
195,Low
196,Low
197,Low
198,Low
199,Low
200,Low
201,Low
202,Low
203,Low
204,Low
205,Low
206,Low
207,Low
208,Low
209,Low
210,Low
211,Low
212,Low
213,Low
214,Low
215,Low
216,Low
217,Low
218,Low
219,Low
220,Low
221,Low
222,Low
223,Low
224,Low
225,Low
226,Low
227,Low
228,Low
229,Low
230,Low
231,Low
232,Low
233,Low
234,Low
235,Low
236,Low
237,Low
238,Low
239,Low
240,Low
241,Low
242,Low
243,Low
244,Low
245,Low
246,Low
247,Low
248,Low
249,Low
250,Low
251,Low
252,Low
253,Low
254,Low
255,Low
256,Low
257,Low
258,Low
259,Low
260,Low
261,Low
262,Low
263,Low
264,Low
265,Low
266,Low
267,Low
268,Low
269,Low
270,Low
271,Low
272,Low
273,Low
274,Low
275,Low
276,Low
277,Low
278,Low
279,Low
280,Low
281,Low
282,Low
283,Low
284,Low
285,Low
286,Low
287,Low
288,Low
289,Low
290,Low
291,Low
292,Low
293,Low
294,Low
295,Low
296,Low
297,Low
298,Low
299,Low
300,Low
301,Low
302,Low
303,Low
304,Low
305,Low
306,Low
307,Low
308,Low
309,Low
310,Low
311,Low
312,Low
313,Low
314,Low
315,Low
316,Low
317,Low
318,Low
319,Low
320,Low
321,Low
322,Low
323,Low
324,Low
325,Low
326,Low
327,Low
328,Low
329,Low
330,Low
331,Low
332,Low
333,Low
334,Low
335,Low
336,Low
337,Low
338,Low
339,Low
340,Low
341,Low
342,Low
343,Low
344,Low
345,Low
346,Low
347,Low
348,Low
349,Low
350,Low
351,Low
352,Low
353,Low
354,Low
355,Low
356,Low
357,Low
358,Low
359,Low
360,Low
361,Low
362,Low
363,Low
364,Low
365,Low
366,Low
367,Low
368,Low
369,Low
370,Low
371,Low
372,Low
373,Low
374,Low
375,Low
376,Low
377,Low
378,Low
379,Low
380,Low
381,Low
382,Low
383,Low
384,Low
385,Low
386,Low
387,Low
388,Low
389,Low
390,Low
391,Low
392,Low
393,Low
394,Low
395,Low
396,Low
397,Low
398,Low
399,Low
400,Low
401,Low
402,Low
403,Low
404,Low
405,Low
406,Low
407,Low
408,Low
409,Low
410,Low
411,Low
412,Low
413,Low
414,Low
415,Low
416,Low
417,Low
418,Low
419,Low
420,Low
421,Low
422,Low
423,Low
424,Low
425,Low
426,Low
427,Low
428,Low
429,Low
430,Low
431,Low
432,Low
433,Low
434,Low
435,Low
436,Low
437,Low
438,Low
439,Low
440,Low
441,Low
442,Low
443,Low
444,Low
445,Low
446,Low
447,Low
448,Low
449,Low
450,Low
451,Low
452,Low
453,Low
454,Low
455,Low
456,Low
457,Low
458,Low
459,Low
460,Low
461,Low
462,Low
463,Low
464,Low
465,Low
466,Low
467,Low
468,Low
469,Low
470,Low
471,Low
472,Low
473,Low
474,Low
475,Low
476,Low
477,Low
478,Low
479,Low
480,Low
481,Low
482,Low
483,Low
484,Low
485,Low
486,Low
487,Low
488,Low
489,Low
490,Low
491,Low
492,Low
493,Low
494,Low
495,Low
496,Low
497,Low
498,Low
499,Low
500,Low
501,Low
502,Low
503,Low
504,Low
505,Low
506,Low
507,Low
508,Low
509,Low
510,Low
511,Low
512,Low
513,Low
514,Low
515,Low
516,Low
517,Low
518,Low
519,Low
520,Low
521,Low
522,Low
523,Low
524,Low
525,Low
526,Low
527,Low
528,Low
529,Low
530,Low
531,Low
532,Low
533,Low
534,Low
535,Low
536,Low
537,Low
538,Low
539,Low
540,Low
541,Low
542,Low
543,Low
544,Low
545,Low
546,Low
547,Low
548,Low
549,Low
550,Low
551,Low
552,Low
553,Low
554,Low
555,Low
556,Low
557,Low
558,Low
559,Low
560,Low
561,Low
562,Low
563,Low
564,Low
565,Low
566,Low
567,Low
568,Low
569,Low
570,Low
571,Low
572,Low
573,Low
574,Low
575,Low
576,Low
577,Low
578,Low
579,Low
580,Low
581,Low
582,Low
583,Low
584,Low
585,Low
586,Low
587,Low
588,Low
589,Low
590,Low
591,Low
592,Low
593,Low
594,Low
595,Low
596,Low
597,Low
598,Low
599,Low
600,Low
601,Low
602,Low
603,Low
604,Low
605,Low
606,Low
607,Low
608,Low
609,Low
610,Low
611,Low
612,Low
613,Low
614,Low
615,Low
616,Low
617,Low
618,Low
619,Low
620,Low
621,Low
622,Low
623,Low
624,Low
625,Low
626,Low
627,Low
628,Low
629,Low
630,Low
631,Low
632,Low
633,Low
634,Low
635,Low
636,Low
637,Low
638,Low
639,Low
640,Low
641,Low
642,Low
643,Low
644,Low
645,Low
646,Low
647,Low
648,Low
649,Low
650,Low
651,Low
652,Low
653,Low
654,Low
655,Low
656,Low
657,Low
658,Low
659,Low
660,Low
661,Low
662,Low
663,Low
664,Low
665,Low
666,Low
667,Low
668,Low
669,Low
670,Low
671,Low
672,Low
673,Low
674,Low
675,Low
676,Low
677,Low
678,Low
679,Low
680,Low
681,Low
682,Low
683,Low
684,Low
685,Low
686,Low
687,Low
688,Low
689,Low
690,Low
691,Low
692,Low
693,Low
694,Low
695,Low
696,Low
697,Low
698,Low
699,Low
700,Low
701,Low
702,Low
703,Low
704,Low
705,Low
706,Low
707,Low
708,Low
709,Low
710,Low
711,Low
712,Low
713,Low
714,Low
715,Low
716,Low
717,Low
718,Low
719,Low
720,Low
721,Low
722,Low
723,Low
724,Low
725,Low
726,Low
727,Low
728,Low
729,Low
730,Low
731,Low
732,Low
733,Low
734,Low
735,Low
736,Low
737,Low
738,Low
739,Low
740,Low
741,Low
742,Low
743,Low
744,Low
745,Low
746,Low
747,Low
748,Low
749,Low
750,Low
751,Low
752,Low
753,Low
754,Low
755,Low
756,Low
757,Low
758,Low
759,Low
760,Low
761,Low
762,Low
763,Low
764,Low
765,Low
766,Low
767,Low
768,Low
769,Low
770,Low
771,Low
772,Low
773,Low
774,Low
775,Low
776,Low
777,Low
778,Low
779,Low
780,Low
781,Low
782,Low
783,Low
784,Low
785,Low
786,Low
787,Low
788,Low
789,Low
790,Low
791,Low
792,Low
793,Low
794,Low
795,Low
796,Low
797,Low
798,Low
799,Low
800,Low
801,Low
802,Low
803,Low
804,Low
805,Low
806,Low
807,Low
808,Low
809,Low
810,Low
811,Low
812,Low
813,Low
814,Low
815,Low
816,Low
817,Low
818,Low
819,Low
820,Low
821,Low
822,Low
823,Low
824,Low
825,Low
826,Low
827,Low
828,Low
829,Low
830,Low
831,Low
832,Low
833,Low
834,Low
835,Low
836,Low
837,Low
838,Low
839,Low
840,Low
841,Low
842,Low
843,Low
844,Low
845,Low
846,Low
847,Low
848,Low
849,Low
850,Low
851,Low
852,Low
853,Low
854,Low
855,Low
856,Low
857,Low
858,Low
859,Low
860,Low
861,Low
862,Low
863,Low
864,Low
865,Low
866,Low
867,Low
868,Low
869,Low
870,Low
871,Low
872,Low
873,Low
874,Low
875,Low
876,Low
877,Low
878,Low
879,Low
880,Low
881,Low
882,Low
883,Low
884,Low
885,Low
886,Low
887,Low
888,Low
889,Low
890,Low
891,Low
892,Low
893,Low
894,Low
895,Low
896,Low
897,Low
898,Low
899,Low
900,Low
901,Low
902,Low
903,Low
904,Low
905,Low
906,Low
907,Low
908,Low
909,Low
910,Low
911,Low
912,Low
913,Low
914,Low
915,Low
916,Low
917,Low
918,Low
919,Low
920,Low
921,Low
922,Low
923,Low
924,Low
925,Low
926,Low
927,Low
928,Low
929,Low
930,Low
931,Low
932,Low
933,Low
934,Low
935,Low
936,Low
937,Low
938,Low
939,Low
940,Low
941,Low
942,Low
943,Low
944,Low
945,Low
946,Low
947,Low
948,Low
949,Low
950,Low
951,Low
952,Low
953,Low
954,Low
955,Low
956,Low
957,Low
958,Low
959,Low
960,Low
961,Low
962,Low
963,Low
964,Low
965,Low
966,Low
967,Low
968,Low
969,Low
970,Low
971,Low
972,Low
973,Low
974,Low
975,Low
976,Low
977,Low
978,Low
979,Low
980,Low
981,Low
982,Low
983,Low
984,Low
985,Low
986,Low
987,Low
988,Low
989,Low
990,Low
991,Low
992,Low
993,Low
994,Low
995,Low
996,Low
997,Low
998,Low
999,Low
1000,Low
1001,Low
1002,Low
1003,Low
1004,Low
1005,Low
1006,Low
1007,Low
1008,Low
1009,Low
1010,Low
1011,Low
1012,Low
1013,Low
1014,Low
1015,Low
1016,Low
1017,Low
1018,Low
1019,Low
1020,Low
1021,Low
1022,Low
1023,Low
1024,Low
1025,Low
1026,Low
1027,Low
1028,Low
1029,Low
1030,Low
1031,Low
1032,Low
1033,Low
1034,Low
1035,Low
1036,Low
1037,Low
1038,Low
1039,Low
1040,Low
1041,Low
1042,Low
1043,Low
1044,Low
1045,Low
1046,Low
1047,Low
1048,Low
1049,Low
1050,Low
1051,Low
1052,Low
1053,Low
1054,Low
1055,Low
1056,Low
1057,Low
1058,Low
1059,Low
1060,Low
1061,Low
1062,Low
1063,Low
1064,Low
1065,Low
1066,Low
1067,Low
1068,Low
1069,Low
1070,Low
1071,Low
1072,Low
1073,Low
1074,Low
1075,Low
1076,Low
1077,Low
1078,Low
1079,Low
1080,Low
1081,Low
1082,Low
1083,Low
1084,Low
1085,Low
1086,Low
1087,Low
1088,Low
1089,Low
1090,Low
1091,Low
1092,Low
1093,Low
1094,Low
1095,Low
1096,Low
1097,Low
1098,Low
1099,Low
1100,Low
1101,Low
1102,Low
1103,Low
1104,Low
1105,Low
1106,Low
1107,Low
1108,Low
1109,Low
1110,Low
1111,Low
1112,Low
1113,Low
1114,Low
1115,Low
1116,Low
1117,Low
1118,Low
1119,Low
1120,Low
1121,Low
1122,Low
1123,Low
1124,Low
1125,Low
1126,Low
1127,Low
1128,Low
1129,Low
1130,Low
1131,Low
1132,Low
1133,Low
1134,Low
1135,Low
1136,Low
1137,Low
1138,Low
1139,Low
1140,Low
1141,Low
1142,Low
1143,Low
1144,Low
1145,Low
1146,Low
1147,Low
1148,Low
1149,Low
1150,Low
1151,Low
1152,Low
1153,Low
1154,Low
1155,Low
1156,Low
1157,Low
1158,Low
1159,Low
1160,Low
1161,Low
1162,Low
1163,Low
1164,Low
1165,Low
1166,Low
1167,Low
1168,Low
1169,Low
1170,Low
1171,Low
1172,Low
1173,Low
1174,Low
1175,Low
1176,Low
1177,Low
1178,Low
1179,Low
1180,Low
1181,Low
1182,Low
1183,Low
1184,Low
1185,Low
1186,Low
1187,Low
1188,Low
1189,Low
1190,Low
1191,Low
1192,Low
1193,Low
1194,Low
1195,Low
1196,Low
1197,Low
1198,Low
1199,Low
1200,Low
1201,Low
1202,Low
1203,Low
1204,Low
1205,Low
1206,Low
1207,Low
1208,Low
1209,Low
1210,Low
1211,Low
1212,Low
1213,Low
1214,Low
1215,Low
1216,Low
1217,Low
1218,Low
1219,Low
1220,Low
1221,Low
1222,Low
1223,Low
1224,Low
1225,Low
1226,Low
1227,Low
1228,Low
1229,Low
1230,Low
1231,Low
1232,Low
1233,Low
1234,Low
1235,Low
1236,Low
1237,Low
1238,Low
1239,Low
1240,Low
1241,Low
1242,Low
1243,Low
1244,Low
1245,Low
1246,Low
1247,Low
1248,Low
1249,Low
1250,Low
1251,Low
1252,Low
1253,Low
1254,Low
1255,Low
1256,Low
1257,Low
1258,Low
1259,Low
1260,Low
1261,Low
1262,Low
1263,Low
1264,Low
1265,Low
1266,Low
1267,Low
1268,Low
1269,Low
1270,Low
1271,Low
1272,Low
1273,Low
1274,Low
1275,Low
1276,Low
1277,Low
1278,Low
1279,Low
1280,Low
1281,Low
1282,Low
1283,Low
1284,Low
1285,Low
1286,Low
1287,Low
1288,Low
1289,Low
1290,Low
1291,Low
1292,Low
1293,Low
1294,Low
1295,Low
1296,Low
1297,Low
1298,Low
1299,Low
1300,Low
1301,Low
1302,Low
1303,Low
1304,Low
1305,Low
1306,Low
1307,Low
1308,Low
1309,Low
1310,Low
1311,Low
1312,Low
1313,Low
1314,Low
1315,Low
1316,Low
1317,Low
1318,Low
1319,Low
1320,Low
1321,Low
1322,Low
1323,Low
1324,Low
1325,Low
1326,Low
1327,Low
1328,Low
1329,Low
1330,Low
1331,Low
1332,Low
1333,Low
1334,Low
1335,Low
1336,Low
1337,Low
1338,Low
1339,Low
1340,Low
1341,Low
1342,Low
1343,Low
1344,Low
1345,Low
1346,Low
1347,Low
1348,Low
1349,Low
1350,Low
1351,Low
1352,Low
1353,Low
1354,Low
1355,Low
1356,Low
1357,Low
1358,Low
1359,Low
1360,Low
1361,Low
1362,Low
1363,Low
1364,Low
1365,Low
1366,Low
1367,Low
1368,Low
1369,Low
1370,Low
1371,Low
1372,Low
1373,Low
1374,Low
1375,Low
1376,Low
1377,Low
1378,Low
1379,Low
1380,Low
1381,Low
1382,Low
1383,Low
1384,Low
1385,Low
1386,Low
1387,Low
1388,Low
1389,Low
1390,Low
1391,Low
1392,Low
1393,Low
1394,Low
1395,Low
1396,Low
1397,Low
1398,Low
1399,Low
1400,Low
1401,Low
1402,Low
1403,Low
1404,Low
1405,Low
1406,Low
1407,Low
1408,Low
1409,Low
1410,Low
1411,Low
1412,Low
1413,Low
1414,Low
1415,Low
1416,Low
1417,Low
1418,Low
1419,Low
1420,Low
1421,Low
1422,Low
1423,Low
1424,Low
1425,Low
1426,Low
1427,Low
1428,Low
1429,Low
1430,Low
1431,Low
1432,Low
1433,Low
1434,Low
1435,Low
1436,Low
1437,Low
1438,Low
1439,Low
1440,Low
1441,Low
1442,Low
1443,Low
1444,Low
1445,Low
1446,Low
1447,Low
1448,Low
1449,Low
1450,Low
1451,Low
1452,Low
1453,Low
1454,Low
1455,Low
1456,Low
1457,Low
1458,Low
1459,Low
1460,Low
1461,Low
1462,Low
1463,Low
1464,Low
1465,Low
1466,Low
1467,Low
1468,Low
1469,Low
1470,Low
1471,Low
1472,Low
1473,Low
1474,Low
1475,Low
1476,Low
1477,Low
1478,Low
1479,Low
1480,Low
1481,Low
1482,Low
1483,Low
1484,Low
1485,Low
1486,Low
1487,Low
1488,Low
1489,Low
1490,Low
1491,Low
1492,Low
1493,Low
1494,Low
1495,Low
1496,Low
1497,Low
1498,Low
1499,Low
1500,Low
1501,Low
1502,Low
1503,Low
1504,Low
1505,Low
1506,Low
1507,Low
1508,Low
1509,Low
1510,Low
1511,Low
1512,Low
1513,Low
1514,Low
1515,Low
1516,Low
1517,Low
1518,Low
1519,Low
1520,Low
1521,Low
1522,Low
1523,Low
1524,Low
1525,Low
1526,Low
1527,Low
1528,Low
1529,Low
1530,Low
1531,Low
1532,Low
1533,Low
1534,Low
1535,Low
1536,Low
1537,Low
1538,Low
1539,Low
1540,Low
1541,Low
1542,Low
1543,Low
1544,Low
1545,Low
1546,Low
1547,Low
1548,Low
1549,Low
1550,Low
1551,Low
1552,Low
1553,Low
1554,Low
1555,Low
1556,Low
1557,Low
1558,Low
1559,Low
1560,Low
1561,Low
1562,Low
1563,Low
1564,Low
1565,Low
1566,Low
1567,Low
1568,Low
1569,Low
1570,Low
1571,Low
1572,Low
1573,Low
1574,Low
1575,Low
1576,Low
1577,Low
1578,Low
1579,Low
1580,Low
1581,Low
1582,Low
1583,Low
1584,Low
1585,Low
1586,Low
1587,Low
1588,Low
1589,Low
1590,Low
1591,Low
1592,Low
1593,Low
1594,Low
1595,Low
1596,Low
1597,Low
1598,Low
1599,Low
1600,Low
1601,Low
1602,Low
1603,Low
1604,Low
1605,Low
1606,Low
1607,Low
1608,Low
1609,Low
1610,Low
1611,Low
1612,Low
1613,Low
1614,Low
1615,Low
1616,Low
1617,Low
1618,Low
1619,Low
1620,Low
1621,Low
1622,Low
1623,Low
1624,Low
1625,Low
1626,Low
1627,Low
1628,Low
1629,Low
1630,Low
1631,Low
1632,Low
1633,Low
1634,Low
1635,Low
1636,Low
1637,Low
1638,Low
1639,Low
1640,Low
1641,Low
1642,Low
1643,Low
1644,Low
1645,Low
1646,Low
1647,Low
1648,Low
1649,Low
1650,Low
1651,Low
1652,Low
1653,Low
1654,Low
1655,Low
1656,Low
1657,Low
1658,Low
1659,Low
1660,Low
1661,Low
1662,Low
1663,Low
1664,Low
1665,Low
1666,Low
1667,Low
1668,Low
1669,Low
1670,Low
1671,Low
1672,Low
1673,Low
1674,Low
1675,Low
1676,Low
1677,Low
1678,Low
1679,Low
1680,Low
1681,Low
1682,Low
1683,Low
1684,Low
1685,Low
1686,Low
1687,Low
1688,Low
1689,Low
1690,Low
1691,Low
1692,Low
1693,Low
1694,Low
1695,Low
1696,Low
1697,Low
1698,Low
1699,Low
1700,Low
1701,Low
1702,Low
1703,Low
1704,Low
1705,Low
1706,Low
1707,Low
1708,Low
1709,Low
1710,Low
1711,Low
1712,Low
1713,Low
1714,Low
1715,Low
1716,Low
1717,Low
1718,Low
1719,Low
1720,Low
1721,Low
1722,Low
1723,Low
1724,Low
1725,Low
1726,Low
1727,Low
1728,Low
1729,Low
1730,Low
1731,Low
1732,Low
1733,Low
1734,Low
1735,Low
1736,Low
1737,Low
1738,Low
1739,Low
1740,Low
1741,Low
1742,Low
1743,Low
1744,Low
1745,Low
1746,Low
1747,Low
1748,Low
1749,Low
1750,Low
1751,Low
1752,Low
1753,Low
1754,Low
1755,Low
1756,Low
1757,Low
1758,Low
1759,Low
1760,Low
1761,Low
1762,Low
1763,Low
1764,Low
1765,Low
1766,Low
1767,Low
1768,Low
1769,Low
1770,Low
1771,Low
1772,Low
1773,Low
1774,Low
1775,Low
1776,Low
1777,Low
1778,Low
1779,Low
1780,Low
1781,Low
1782,Low
1783,Low
1784,Low
1785,Low
1786,Low
1787,Low
1788,Low
1789,Low
1790,Low
1791,Low
1792,Low
1793,Low
1794,Low
1795,Low
1796,Low
1797,Low
1798,Low
1799,Low
1800,Low
1801,Low
1802,Low
1803,Low
1804,Low
1805,Low
1806,Low
1807,Low
1808,Low
1809,Low
1810,Low
1811,Low
1812,Low
1813,Low
1814,Low
1815,Low
1816,Low
1817,Low
1818,Low
1819,Low
1820,Low
1821,Low
1822,Low
1823,Low
1824,Low
1825,Low
1826,Low
1827,Low
1828,Low
1829,Low
1830,Low
1831,Low
1832,Low
1833,Low
1834,Low
1835,Low
1836,Low
1837,Low
1838,Low
1839,Low
1840,Low
1841,Low
1842,Low
1843,Low
1844,Low
1845,Low
1846,Low
1847,Low
1848,Low
1849,Low
1850,Low
1851,Low
1852,Low
1853,Low
1854,Low
1855,Low
1856,Low
1857,Low
1858,Low
1859,Low
1860,Low
1861,Low
1862,Low
1863,Low
1864,Low
1865,Low
1866,Low
1867,Low
1868,Low
1869,Low
1870,Low
1871,Low
1872,Low
1873,Low
1874,Low
1875,Low
1876,Low
1877,Low
1878,Low
1879,Low
1880,Low
1881,Low
1882,Low
1883,Low
1884,Low
1885,Low
1886,Low
1887,Low
1888,Low
1889,Low
1890,Low
1891,Low
1892,Low
1893,Low
1894,Low
1895,Low
1896,Low
1897,Low
1898,Low
1899,Low
1900,Low
1901,Low
1902,Low
1903,Low
1904,Low
1905,Low
1906,Low
1907,Low
1908,Low
1909,Low
1910,Low
1911,Low
1912,Low
1913,Low
1914,Low
1915,Low
1916,Low
1917,Low
1918,Low
1919,Low
1920,Low
1921,Low
1922,Low
1923,Low
1924,Low
1925,Low
1926,Low
1927,Low
1928,Low
1929,Low
1930,Low
1931,Low
1932,Low
1933,Low
1934,Low
1935,Low
1936,Low
1937,Low
1938,Low
1939,Low
1940,Low
1941,Low
1942,Low
1943,Low
1944,Low
1945,Low
1946,Low
1947,Low
1948,Low
1949,Low
1950,Low
1951,Low
1952,Low
1953,Low
1954,Low
1955,Low
1956,Low
1957,Low
1958,Low
1959,Low
1960,Low
1961,Low
1962,Low
1963,Low
1964,Low
1965,Low
1966,Low
1967,Low
1968,Low
1969,Low
1970,Low
1971,Low
1972,Low
1973,Low
1974,Low
1975,Low
1976,Low
1977,Low
1978,Low
1979,Low
1980,Low
1981,Low
1982,Low
1983,Low
1984,Low
1985,Low
1986,Low
1987,Low
1988,Low
1989,Low
1990,Low
1991,Low
1992,Low
1993,Low
1994,Low
1995,Low
1996,Low
1997,Low
1998,Low
1999,Low
2000,Low
2001,Low
2002,Low
2003,Low
2004,Low
2005,Low
2006,Low
2007,Low
2008,Low
2009,Low
2010,Low
2011,Low
2012,Low
2013,Low
2014,Low
2015,Low
2016,Low
2017,Low
2018,Low
2019,Low
2020,Low
2021,Low
2022,Low
2023,Low
2024,Low
2025,Low
2026,Low
2027,Low
2028,Low
2029,Low
2030,Low
2031,Low
2032,Low
2033,Low
2034,Low
2035,Low
2036,Low
2037,Low
2038,Low
2039,Low
2040,Low
2041,Low
2042,Low
2043,Low
2044,Low
2045,Low
2046,Low
2047,Low
2048,Low
2049,Low
2050,Low
2051,Low
2052,Low
2053,Low
2054,Low
2055,Low
2056,Low
2057,Low
2058,Low
2059,Low
2060,Low
2061,Low
2062,Low
2063,Low
2064,Low
2065,Low
2066,Low
2067,Low
2068,Low
2069,Low
2070,Low
2071,Low
2072,Low
2073,Low
2074,Low
2075,Low
2076,Low
2077,Low
2078,Low
2079,Low
2080,Low
2081,Low
2082,Low
2083,Low
2084,Low
2085,Low
2086,Low
2087,Low
2088,Low
2089,Low
2090,Low
2091,Low
2092,Low
2093,Low
2094,Low
2095,Low
2096,Low
2097,Low
2098,Low
2099,Low
2100,Low
2101,Low
2102,Low
2103,Low
2104,Low
2105,Low
2106,Low
2107,Low
2108,Low
2109,Low
2110,Low
2111,Low
2112,Low
2113,Low
2114,Low
2115,Low
2116,Low
2117,Low
2118,Low
2119,Low
2120,Low
2121,Low
2122,Low
2123,Low
2124,Low
2125,Low
2126,Low
2127,Low
2128,Low
2129,Low
2130,Low
2131,Low
2132,Low
2133,Low
2134,Low
2135,Low
2136,Low
2137,Low
2138,Low
2139,Low
2140,Low
2141,Low
2142,Low
2143,Low
2144,Low
2145,Low
2146,Low
2147,Low
2148,Low
2149,Low
2150,Low
2151,Low
2152,Low
2153,Low
2154,Low
2155,Low
2156,Low
2157,Low
2158,Low
2159,Low
2160,Low
2161,Low
2162,Low
2163,Low
2164,Low
2165,Low
2166,Low
2167,Low
2168,Low
2169,Low
2170,Low
2171,Low
2172,Low
2173,Low
2174,Low
2175,Low
2176,Low
2177,Low
2178,Low
2179,Low
2180,Low
2181,Low
2182,Low
2183,Low
2184,Low
2185,Low
2186,Low
2187,Low
2188,Low
2189,Low
2190,Low
2191,Low
2192,Low
2193,Low
2194,Low
2195,Low
2196,Low
2197,Low
2198,Low
2199,Low
2200,Low
2201,Low
2202,Low
2203,Low
2204,Low
2205,Low
2206,Low
2207,Low
2208,Low
2209,Low
2210,Low
2211,Low
2212,Low
2213,Low
2214,Low
2215,Low
2216,Low
2217,Low
2218,Low
2219,Low
2220,Low
2221,Low
2222,Low
2223,Low
2224,Low
2225,Low
2226,Low
2227,Low
2228,Low
2229,Low
2230,Low
2231,Low
2232,Low
2233,Low
2234,Low
2235,Low
2236,Low
2237,Low
2238,Low
2239,Low
2240,Low
2241,Low
2242,Low
2243,Low
2244,Low
2245,Low
2246,Low
2247,Low
2248,Low
2249,Low
2250,Low
2251,Low
2252,Low
2253,Low
2254,Low
2255,Low
2256,Low
2257,Low
2258,Low
2259,Low
2260,Low
2261,Low
2262,Low
2263,Low
2264,Low
2265,Low
2266,Low
2267,Low
2268,Low
2269,Low
2270,Low
2271,Low
2272,Low
2273,Low
2274,Low
2275,Low
2276,Low
2277,Low
2278,Low
2279,Low
2280,Low
2281,Low
2282,Low
2283,Low
2284,Low
2285,Low
2286,Low
2287,Low
2288,Low
2289,Low
2290,Low
2291,Low
2292,Low
2293,Low
2294,Low
2295,Low
2296,Low
2297,Low
2298,Low
2299,Low
2300,Low
2301,Low
2302,Low
2303,Low
2304,Low
2305,Low
2306,Low
2307,Low
2308,Low
2309,Low
2310,Low
2311,Low
2312,Low
2313,Low
2314,Low
2315,Low
2316,Low
2317,Low
2318,Low
2319,Low
2320,Low
2321,Low
2322,Low
2323,Low
2324,Low
2325,Low
2326,Low
2327,Low
2328,Low
2329,Low
2330,Low
2331,Low
2332,Low
2333,Low
2334,Low
2335,Low
2336,Low
2337,Low
2338,Low
2339,Low
2340,Low
2341,Low
2342,Low
2343,Low
2344,Low
2345,Low
2346,Low
2347,Low
2348,Low
2349,Low
2350,Low
2351,Low
2352,Low
2353,Low
2354,Low
2355,Low
2356,Low
2357,Low
2358,Low
2359,Low
2360,Low
2361,Low
2362,Low
2363,Low
2364,Low
2365,Low
2366,Low
2367,Low
2368,Low
2369,Low
2370,Low
2371,Low
2372,Low
2373,Low
2374,Low
2375,Low
2376,Low
2377,Low
2378,Low
2379,Low
2380,Low
2381,Low
2382,Low
2383,Low
2384,Low
2385,Low
2386,Low
2387,Low
2388,Low
2389,Low
2390,Low
2391,Low
2392,Low
2393,Low
2394,Low
2395,Low
2396,Low
2397,Low
2398,Low
2399,Low
2400,Low
2401,Low
2402,Low
2403,Low
2404,Low
2405,Low
2406,Low
2407,Low
2408,Low
2409,Low
2410,Low
2411,Low
2412,Low
2413,Low
2414,Low
2415,Low
2416,Low
2417,Low
2418,Low
2419,Low
2420,Low
2421,Low
2422,Low
2423,Low
2424,Low
2425,Low
2426,Low
2427,Low
2428,Low
2429,Low
2430,Low
2431,Low
2432,Low
2433,Low
2434,Low
2435,Low
2436,Low
2437,Low
2438,Low
2439,Low
2440,Low
2441,Low
2442,Low
2443,Low
2444,Low
2445,Low
2446,Low
2447,Low
2448,Low
2449,Low
2450,Low
2451,Low
2452,Low
2453,Low
2454,Low
2455,Low
2456,Low
2457,Low
2458,Low
2459,Low
2460,Low
2461,Low
2462,Low
2463,Low
2464,Low
2465,Low
2466,Low
2467,Low
2468,Low
2469,Low
2470,Low
2471,Low
2472,Low
2473,Low
2474,Low
2475,Low
2476,Low
2477,Low
2478,Low
2479,Low
2480,Low
2481,Low
2482,Low
2483,Low
2484,Low
2485,Low
2486,Low
2487,Low
2488,Low
2489,Low
2490,Low
2491,Low
2492,Low
2493,Low
2494,Low
2495,Low
2496,Low
2497,Low
2498,Low
2499,Low
2500,Low
2501,Low
2502,Low
2503,Low
2504,Low
2505,Low
2506,Low
2507,Low
2508,Low
2509,Low
2510,Low
2511,Low
2512,Low
2513,Low
2514,Low
2515,Low
2516,Low
2517,Low
2518,Low
2519,Low
2520,Low
2521,Low
2522,Low
2523,Low
2524,Low
2525,Low
2526,Low
2527,Low
2528,Low
2529,Low
2530,Low
2531,Low
2532,Low
2533,Low
2534,Low
2535,Low
2536,Low
2537,Low
2538,Low
2539,Low
2540,Low
2541,Low
2542,Low
2543,Low
2544,Low
2545,Low
2546,Low
2547,Low
2548,Low
2549,Low
2550,Low
2551,Low
2552,Low
2553,Low
2554,Low
2555,Low
2556,Low
2557,Low
2558,Low
2559,Low
2560,Low
2561,Low
2562,Low
2563,Low
2564,Low
2565,Low
2566,Low
2567,Low
2568,Low
2569,Low
2570,Low
2571,Low
2572,Low
2573,Low
2574,Low
2575,Low
2576,Low
2577,Low
2578,Low
2579,Low
2580,Low
2581,Low
2582,Low
2583,Low
2584,Low
2585,Low
2586,Low
2587,Low
2588,Low
2589,Low
2590,Low
2591,Low
2592,Low
2593,Low
2594,Low
2595,Low
2596,Low
2597,Low
2598,Low
2599,Low
2600,Low
2601,Low
2602,Low
2603,Low
2604,Low
2605,Low
2606,Low
2607,Low
2608,Low
2609,Low
2610,Low
2611,Low
2612,Low
2613,Low
2614,Low
2615,Low
2616,Low
2617,Low
2618,Low
2619,Low
2620,Low
2621,Low
2622,Low
2623,Low
2624,Low
2625,Low
2626,Low
2627,Low
